<?xml version="1.0" encoding="UTF-8" standalone="yes"?>
<addon id="repository.HrtvWizard" name="[COLOR Red]High Roller[/COLOR] TV" version="1.0.3" provider-name="Gonzalez">
    <extension point="xbmc.addon.repository" name="HrtvWizard">
        <info>https://raw.githubusercontent.com/tontixs/repo/master/Repositorio/addons.xml</info>
        <checksum>https://raw.githubusercontent.com/tontixs/repo/master/Repositorio/addons.xml.md5</checksum>
        <datadir zip="true">https://raw.githubusercontent.com/tontixs/master/Repositorio/</datadir>
    </extension>
    <extension point="xbmc.addon.metadata">
        <summary>High Roller TV</summary>
        <description></description>
        <disclaimer></disclaimer>
        <platform>all</platform>
    </extension>
</addon>
